<?xml version="1.0" encoding="UTF-8"?>
<project-private xmlns="http://www.netbeans.org/ns/project-private/1">
    <editor-bookmarks xmlns="http://www.netbeans.org/ns/editor-bookmarks/2" lastBookmarkId="0"/>
    <open-files xmlns="http://www.netbeans.org/ns/projectui-open-files/2">
        <group>
            <file>file:/C:/Users/1001489.joan23/Documents/GitHub/Proyecto4/Facturacion_Definitivo_Marc_Israel/src/vista/VistaProducto.java</file>
            <file>file:/C:/Users/1001489.joan23/Documents/GitHub/Proyecto4/Facturacion_Definitivo_Marc_Israel/src/controlador/ControllerFactura.java</file>
            <file>file:/C:/Users/1001489.joan23/Documents/GitHub/Proyecto4/Facturacion_Definitivo_Marc_Israel/src/vista/VistaInicio.java</file>
        </group>
    </open-files>
</project-private>
